{
  "classes":19,
  "label2train":[
    [0, 0],
    [1, 1],
    [2, 2],
    [3, 3],
    [4, 4],
    [5, 5],
    [6, 6],
    [7, 7],
    [8, 8],
    [9, 9],
    [10, 10],
    [11, 11],
    [12, 12],
    [13, 13],
    [14, 14],
    [15, 15],
    [16, 16],
    [17, 17],
    [18, 18],
    [-1, 255]],
  "label":[
    "road",
    "sidewalk",
    "building",
    "wall",
    "fence",
    "pole",
    "light",
    "sign",
    "vegetation",
    "terrain",
    "sky",
    "person",
    "rider",
    "car",
    "truck",
    "bus",
    "train",
    "motocycle",
    "bicycle"],
  "palette":[
    [128,64,128],
    [244,35,232],
    [70,70,70],
    [102,102,156],
    [190,153,153],
    [153,153,153],
    [250,170,30],
    [220,220,0],
    [107,142,35],
    [152,251,152],
    [70,130,180],
    [220,20,60],
    [255,0,0],
    [0,0,142],
    [0,0,70],
    [0,60,100],
    [0,80,100],
    [0,0,230],
    [119,11,32],
    [0,0,0]],
  "mean":[
    73.158359210711552,
    82.908917542625858,
    72.392398761941593],
  "std":[
    47.675755341814678,
    48.494214368814916,
    47.736546325441594]
}
